,,unexpected,transfer,irony,Avg(Unexpected & Transfer)
Average,0.0,62.6,50.2,11.8,
Variance,0.0,22.299999999999997,45.699999999999996,3.1999999999999997,
Percentage,0.0,39.125,31.375,49.166666666666664,
Avg(Unexpected & Transfer),0.0,,,,35.25
